batch_size,num_requests,input_tokens,output_tokens,requests_per_second,output_tokens_per_second,total_tokens_per_second,elapsed_seconds,source,log_file
6,48,49152,12288,1.6222364984696953,415.292543608242,2076.46271804121,29.588780701999895,JSON elapsed time and log output-token count,/Users/dc/llm_benchmarking/colab/a100_40GB/runs/batch_06.log
14,112,114688,28672,3.2812584066545583,840.0021521035669,4200.010760517835,34.133245882999745,JSON elapsed time and log output-token count,/Users/dc/llm_benchmarking/colab/a100_40GB/runs/batch_14.log
22,176,180224,45056,4.461319680741673,1142.0978382698684,5710.489191349342,39.45021038499999,JSON elapsed time and log output-token count,/Users/dc/llm_benchmarking/colab/a100_40GB/runs/batch_22.log
30,240,245760,61440,5.373704602011704,1375.6683781149961,6878.34189057498,44.66192650599987,JSON elapsed time and log output-token count,/Users/dc/llm_benchmarking/colab/a100_40GB/runs/batch_30.log
38,304,311296,77824,5.964833009744014,1526.9972504944676,7634.9862524723385,50.96538318900002,JSON elapsed time and log output-token count,/Users/dc/llm_benchmarking/colab/a100_40GB/runs/batch_38.log
40,320,327680,81920,6.214748843987965,1590.975704060919,7954.878520304595,51.490415467000275,JSON elapsed time and log output-token count,/Users/dc/llm_benchmarking/colab/a100_40GB/runs/batch_40.log
46,368,376832,94208,6.6684049490194015,1707.1116669489668,8535.558334744834,55.185610774,JSON elapsed time and log output-token count,/Users/dc/llm_benchmarking/colab/a100_40GB/runs/batch_46.log
48,384,393216,98304,6.867248029172777,1758.015495468231,8790.077477341156,55.91759586499984,JSON elapsed time and log output-token count,/Users/dc/llm_benchmarking/colab/a100_40GB/runs/batch_48.log
54,432,442368,110592,7.182294103475243,1838.6672904896623,9193.336452448311,60.147912877999715,JSON elapsed time and log output-token count,/Users/dc/llm_benchmarking/colab/a100_40GB/runs/batch_54.log
56,448,458752,114688,7.19,1839.49,9197.44,,log summary (rounded; JSON absent),/Users/dc/llm_benchmarking/colab/a100_40GB/runs/batch_56.log
64,512,524288,131072,7.640143553412476,1955.8767496735938,9779.383748367969,67.01444762399979,JSON elapsed time and log output-token count,/Users/dc/llm_benchmarking/colab/a100_40GB/runs/batch_64.log
80,640,655360,163840,8.361901828090453,2140.646867991156,10703.234339955781,76.5376122749999,JSON elapsed time and log output-token count,/Users/dc/llm_benchmarking/colab/a100_40GB/runs/batch_80.log
96,768,786432,196608,8.87120130332435,2271.0275336510335,11355.137668255169,86.57226611599981,JSON elapsed time and log output-token count,/Users/dc/llm_benchmarking/colab/a100_40GB/runs/batch_96.log
112,896,917504,229376,9.121312523005933,2335.056005889519,11675.280029447595,98.23147685599997,JSON elapsed time and log output-token count,/Users/dc/llm_benchmarking/colab/a100_40GB/runs/batch_112.log
128,1024,1048576,262144,9.500721518336862,2432.1847086942366,12160.923543471183,107.78128777100028,JSON elapsed time and log output-token count,/Users/dc/llm_benchmarking/colab/a100_40GB/runs/batch_128.log
132,1056,1081344,270336,9.15115058184496,2342.6945489523096,11713.47274476155,115.39532548999978,JSON elapsed time and log output-token count,/Users/dc/llm_benchmarking/colab/a100_40GB/runs/batch_132.log
148,1184,1212416,303104,9.403448939529756,2407.2829285196176,12036.414642598087,125.91124890600076,JSON elapsed time and log output-token count,/Users/dc/llm_benchmarking/colab/a100_40GB/runs/batch_148.log
156,1248,1277952,319488,9.519425234324153,2436.972859986983,12184.864299934916,131.1003520989998,JSON elapsed time and log output-token count,/Users/dc/llm_benchmarking/colab/a100_40GB/runs/batch_156.log
164,1312,1343488,335872,9.527199412981563,2438.96304972328,12194.8152486164,137.7109833780005,JSON elapsed time and log output-token count,/Users/dc/llm_benchmarking/colab/a100_40GB/runs/batch_164.log
180,1440,1474560,368640,9.649883756095987,2470.3702415605726,12351.851207802862,149.22459548700044,JSON elapsed time and log output-token count,/Users/dc/llm_benchmarking/colab/a100_40GB/runs/batch_180.log
196,1568,1605632,401408,9.737563546739354,2492.8162679652746,12464.081339826373,161.02590678599972,JSON elapsed time and log output-token count,/Users/dc/llm_benchmarking/colab/a100_40GB/runs/batch_196.log
